nombre,apellido,direccion,email,telefono
Regen,Klementz,30 Scoville Alley,rklementz0@tinyurl.com,429 156 9267
Kahaleel,Skamal,2 Maple Lane,kskamal1@edublogs.org,838 536 5763
Jacenta,Papps,5339 Northview Pass,jpapps2@telegraph.co.uk,569 854 8662
Abigale,Raymond,4678 Dayton Road,araymond3@eepurl.com,526 100 9005
Michal,Kibel,3 Independence Park,mkibel4@seesaa.net,540 536 8110
Maude,Seville,38512 Maryland Court,mseville5@miitbeian.gov.cn,296 626 3732
Niels,Abramowitz,2 Hanover Plaza,nabramowitz6@sourceforge.net,926 319 4946
Cull,Totton,5 Di Loreto Parkway,ctotton7@cafepress.com,527 924 0216
Zared,Jennick,72 Evergreen Court,zjennick8@goodreads.com,992 729 4120
Keri,Heeran,95190 4th Junction,kheeran9@surveymonkey.com,986 483 8717
Maurene,Rosenhaupt,959 Grover Junction,mrosenhaupta@wikispaces.com,328 190 7312
Amye,Bleeze,051 Mifflin Terrace,ableezeb@auda.org.au,707 553 0521
Alf,Titlow,3009 Shoshone Center,atitlowc@yale.edu,830 679 8438
Max,Cawdery,7 Hollow Ridge Lane,mcawderyd@tinyurl.com,859 157 7081
Pearl,Espadero,040 School Trail,pespaderoe@google.es,145 885 6785
Conrade,Gapper,593 Wayridge Circle,cgapperf@comsenz.com,738 511 5830
Aleksandr,Oliva,1 Judy Road,aolivag@instagram.com,445 405 7661
Jo ann,Gratton,5 Ilene Hill,jgrattonh@yahoo.co.jp,120 419 8431
Frank,Zute,557 South Parkway,fzutei@paginegialle.it,176 324 9704
Hyacinthia,Moatt,11815 Buena Vista Road,hmoattj@huffingtonpost.com,673 590 8378
Wally,Loughren,492 Shelley Way,wloughrenk@miibeian.gov.cn,257 821 1258
Henry,McMorland,87 Rigney Court,hmcmorlandl@salon.com,257 944 2725
Briggs,Gibling,58 Morning Court,bgiblingm@dailymail.co.uk,165 103 0749
Berk,Prichard,6 Mosinee Hill,bprichardn@si.edu,879 698 3593
Sabina,Hentze,7 Northport Junction,shentzeo@chron.com,452 544 4534
Ezri,Spracklin,02 Crownhardt Place,espracklinp@omniture.com,535 960 2212
Alisander,Stovin,8674 Sycamore Road,astovinq@blogger.com,644 876 0246
Ashley,Plante,98 Stang Lane,aplanter@salon.com,555 477 8859
Kittie,Barbrook,65705 Nobel Park,kbarbrooks@123-reg.co.uk,366 642 9658
Allissa,Nekrews,61687 Di Loreto Terrace,anekrewst@trellian.com,652 253 0642
Rozina,Faucett,8 Atwood Place,rfaucettu@netscape.com,997 388 5082
Baxy,Vina,43 Sunbrook Drive,bvinav@youtube.com,991 474 3756
Meir,Henmarsh,2529 Hayes Trail,mhenmarshw@bloomberg.com,928 738 1644
Artus,Lillyman,46 Lake View Crossing,alillymanx@slideshare.net,196 300 2442
Nathan,Semple,730 Hallows Park,nsempley@census.gov,655 395 4385
Cliff,Le Gallo,594 Nancy Drive,clegalloz@tuttocitta.it,459 566 5756
De,Meehan,240 Northridge Way,dmeehan10@mail.ru,847 350 2003
Raven,Balchin,89099 Bobwhite Drive,rbalchin11@scribd.com,404 491 1927
Julianne,Gregan,48015 Maple Trail,jgregan12@slashdot.org,766 662 0889
Bartie,Roughan,4584 Anthes Trail,broughan13@exblog.jp,680 544 5524
Filmer,Dobble,674 Ohio Point,fdobble14@hostgator.com,145 617 8704
Daniele,Heinlein,749 Hoepker Street,dheinlein15@mapquest.com,600 560 6074
Meggy,Solesbury,56635 Larry Crossing,msolesbury16@bizjournals.com,512 588 5735
Guinevere,Handrock,80 Transport Street,ghandrock17@aboutads.info,599 761 8641
Gerladina,Lummasana,979 Trailsway Lane,glummasana18@techcrunch.com,107 753 5776
Stormie,Enever,962 Gulseth Parkway,senever19@g.co,402 139 8908
Benson,MacQuarrie,0 Becker Crossing,bmacquarrie1a@ehow.com,176 985 3150
Kora,Alebrooke,0396 Elmside Way,kalebrooke1b@dmoz.org,853 482 5586
Ilaire,Ceeley,7740 Judy Street,iceeley1c@dell.com,525 526 6810
Beth,Squeers,389 Artisan Point,bsqueers1d@unesco.org,157 971 9009
Merv,Marriot,64509 Lighthouse Bay Park,mmarriot1e@blogspot.com,889 542 0830
Delainey,Hansen,144 High Crossing Terrace,dhansen1f@senate.gov,511 403 5325
Papageno,Cadigan,4 Buhler Parkway,pcadigan1g@sun.com,898 553 6677
Garwin,Brand-Hardy,8935 Algoma Junction,gbrandhardy1h@microsoft.com,937 650 0136
Etti,Fleg,2 Fairview Circle,efleg1i@sphinn.com,447 656 6372
Daniel,Lelievre,1 Coolidge Terrace,dlelievre1j@wiley.com,828 590 7359
Samantha,MacRedmond,5631 Fair Oaks Crossing,smacredmond1k@thetimes.co.uk,693 693 2708
Maximilian,Sighard,81548 Michigan Way,msighard1l@mysql.com,833 641 2797
Raynard,Kenealy,1 Rutledge Place,rkenealy1m@sciencedirect.com,988 896 6489
Shell,Shelp,76804 Cambridge Circle,sshelp1n@deliciousdays.com,771 846 7895
Loella,Loughlin,53 Parkside Avenue,lloughlin1o@uol.com.br,695 866 4204
Darby,Barzen,027 Dennis Park,dbarzen1p@ezinearticles.com,866 313 8528
Huey,Dripp,466 Harbort Drive,hdripp1q@exblog.jp,357 659 2771
Rabi,Grindley,21548 Eastlawn Plaza,rgrindley1r@mac.com,309 955 7560
Evie,Cadd,28 Acker Park,ecadd1s@usda.gov,863 169 6885
Verne,Berrick,47169 Rieder Junction,vberrick1t@shinystat.com,717 799 4481
Kata,Nisby,3 Mallory Pass,knisby1u@oracle.com,780 711 8715
Freddy,D'Adamo,8 Briar Crest Lane,fdadamo1v@squarespace.com,795 590 4052
Turner,Fawdrie,5 Straubel Pass,tfawdrie1w@state.tx.us,936 747 7938
Torin,Tourmell,2 Delladonna Plaza,ttourmell1x@spiegel.de,633 624 1350
Selena,Otson,89021 Clove Street,sotson1y@aboutads.info,433 164 1171
Esmaria,Fitzsymonds,87 Commercial Pass,efitzsymonds1z@nytimes.com,770 324 9775
Yvonne,Bloor,50715 Twin Pines Terrace,ybloor20@buzzfeed.com,348 177 8457
Edwin,Pease,49137 Sutteridge Pass,epease21@stumbleupon.com,371 718 5061
Art,Lawrenson,045 Hansons Crossing,alawrenson22@psu.edu,762 807 4172
Andros,Nozzolii,780 Green Lane,anozzolii23@ycombinator.com,914 727 2832
Arleyne,Warn,4 Grover Point,awarn24@vinaora.com,600 897 9374
Roana,Probets,779 Sugar Lane,rprobets25@nhs.uk,929 891 9021
Corine,Safont,96844 Blue Bill Park Circle,csafont26@de.vu,985 107 0656
Abbe,Bearn,4211 Marcy Avenue,abearn27@buzzfeed.com,704 882 3457
Lina,Carayol,46 Warbler Alley,lcarayol28@vistaprint.com,389 653 9291
Aurore,Benoey,36794 Petterle Street,abenoey29@digg.com,316 658 6512
Virgil,Pointon,1341 Brickson Park Pass,vpointon2a@163.com,682 463 2383
Al,Dillimore,47 Twin Pines Alley,adillimore2b@washingtonpost.com,875 542 3083
Benita,Fidgin,24909 Pierstorff Circle,bfidgin2c@youku.com,412 469 0868
Gottfried,MacDonagh,2 Westridge Plaza,gmacdonagh2d@hibu.com,440 993 4029
Melania,Mathey,0430 Mallory Avenue,mmathey2e@godaddy.com,954 457 6213
Axel,Sporle,55 Union Court,asporle2f@xinhuanet.com,980 110 1369
Valli,Nare,3659 1st Circle,vnare2g@admin.ch,648 525 3000
Brandon,Ortiga,8691 Butternut Avenue,bortiga2h@geocities.jp,855 418 9151
Darn,Doorey,7712 Dennis Court,ddoorey2i@nationalgeographic.com,375 785 9274
Buiron,Albury,1735 2nd Terrace,balbury2j@microsoft.com,630 364 4273
Kenna,Shiel,6891 Farmco Street,kshiel2k@nsw.gov.au,174 880 8207
Patsy,Furmenger,217 Grasskamp Parkway,pfurmenger2l@google.com,864 191 2245
Barbe,Bisseker,127 Aberg Pass,bbisseker2m@google.co.uk,448 569 4173
Land,Jorg,7603 Oriole Point,ljorg2n@telegraph.co.uk,925 362 4817
Nelly,Pirelli,26 Badeau Plaza,npirelli2o@google.ru,926 322 6085
Obadias,Davidovic,6 Cardinal Court,odavidovic2p@com.com,451 392 0276
Alia,Callcott,607 Kingsford Drive,acallcott2q@google.ru,743 405 1375
Debor,Mesias,1253 Farmco Avenue,dmesias2r@acquirethisname.com,237 555 2909
